"id","name","description","logo","category","pricing","features","link","isOpenSource","isPopular","isNew","requiresVerification","logo_url","logo_source"
"1","ChatGPT","Conversational AI for research writing and problem-solving","ü§ñ","All Tools|Computer Science & Engineering|Information Technology","Freemium","Natural language processing|Code generation|Research assistance","https://chat.openai.com","false","true","false","false","https://cdn.brandfetch.io/chat.openai.com?c=1idHgzTH40svQnGmzjQ&type=logo&theme=light&fallback=brandfetch","brandfetch"
"2","GitHub Copilot","AI-powered code completion and pair programming assistant","üíª","Computer Science & Engineering|Information Technology","Student Discount","Code completion|Multi-language support|Context-aware suggestions","https://github.com/features/copilot","false","true","false","true","https://cdn.brandfetch.io/github.com?c=1idHgzTH40svQnGmzjQ&type=logo&theme=light&fallback=brandfetch","brandfetch"
"3","Claude","Advanced AI assistant for analysis coding and creative tasks","üß†","All Tools|Computer Science & Engineering|Data Science & Analytics","Freemium","Long context understanding|Code generation|Document analysis","https://claude.ai","false","true","false","false","https://cdn.brandfetch.io/claude.ai?c=1idHgzTH40svQnGmzjQ&type=logo&theme=light&fallback=brandfetch","brandfetch"
"4","Midjourney","AI-powered image generation from text descriptions","üé®","Design & Architecture|Arts & Humanities|Media & Communication","Paid","Image generation|Art creation|Design concepts","https://midjourney.com","false","true","false","false","https://cdn.brandfetch.io/midjourney.com?c=1idHgzTH40svQnGmzjQ&type=logo&theme=light&fallback=brandfetch","brandfetch"
"5","Grammarly","AI writing assistant for grammar spelling and style","‚úçÔ∏è","All Tools|Arts & Humanities|Business & Management","Freemium","Grammar checking|Style suggestions|Plagiarism detection","https://grammarly.com","false","true","false","true","https://cdn.brandfetch.io/grammarly.com?c=1idHgzTH40svQnGmzjQ&type=logo&theme=light&fallback=brandfetch","brandfetch"
"6","Notion AI","AI-powered workspace for notes docs and collaboration","üìù","All Tools|Business & Management","Freemium","Note-taking|AI writing|Project management","https://notion.so","false","true","false","false","https://cdn.brandfetch.io/notion.so?c=1idHgzTH40svQnGmzjQ&type=logo&theme=light&fallback=brandfetch","brandfetch"
"7","Wolfram Alpha","Computational knowledge engine for math and science","üî¢","Mathematics & Statistics|Computer Science & Engineering","Freemium","Math solutions|Data analysis|Scientific computing","https://wolframalpha.com","false","true","false","true","https://cdn.brandfetch.io/wolframalpha.com?c=1idHgzTH40svQnGmzjQ&type=logo&theme=light&fallback=brandfetch","brandfetch"
"8","Canva AI","Design platform with AI-powered creative tools","üé®","Design & Architecture|Media & Communication|Business & Management","Freemium","Graphic design|AI image generation|Template creation","https://canva.com","false","true","false","true","https://cdn.brandfetch.io/canva.com?c=1idHgzTH40svQnGmzjQ&type=logo&theme=light&fallback=brandfetch","brandfetch"
"9","Perplexity AI","AI-powered search engine with citations","üîç","All Tools|Computer Science & Engineering","Freemium","AI search|Research assistance|Source citations","https://perplexity.ai","false","true","true","false","https://cdn.brandfetch.io/perplexity.ai?c=1idHgzTH40svQnGmzjQ&type=logo&theme=light&fallback=brandfetch","brandfetch"
"10","Jupyter AI","AI assistant integrated into Jupyter notebooks","ü™ê","Data Science & Analytics|Computer Science & Engineering","Free","Code completion|Data analysis|Documentation","https://jupyter-ai.readthedocs.io","true","false","true","false","https://cdn.brandfetch.io/jupyter-ai.readthedocs.io?c=1idHgzTH40svQnGmzjQ&type=logo&theme=light&fallback=brandfetch","brandfetch"
"11","Tabnine","AI code completion for multiple IDEs","‚ö°","Computer Science & Engineering|Information Technology","Freemium","Code completion|Multi-language|Privacy-focused","https://tabnine.com","false","true","false","false","https://cdn.brandfetch.io/tabnine.com?c=1idHgzTH40svQnGmzjQ&type=logo&theme=light&fallback=brandfetch","brandfetch"
"12","DALL-E 3","OpenAI's advanced image generation model","üñºÔ∏è","Design & Architecture|Arts & Humanities","Freemium","Image generation|Creative AI|Text-to-image","https://openai.com/dall-e-3","false","true","false","false","https://cdn.brandfetch.io/openai.com?c=1idHgzTH40svQnGmzjQ&type=logo&theme=light&fallback=brandfetch","brandfetch"
"13","Otter.ai","AI meeting transcription and note-taking","üéôÔ∏è","All Tools|Business & Management","Freemium","Audio transcription|Meeting notes|Real-time captions","https://otter.ai","false","true","false","true","https://cdn.brandfetch.io/otter.ai?c=1idHgzTH40svQnGmzjQ&type=logo&theme=light&fallback=brandfetch","brandfetch"
"14","Mathway","Step-by-step math problem solver","‚ûó","Mathematics & Statistics","Freemium","Math solutions|Step-by-step|Multiple topics","https://mathway.com","false","true","false","false","https://cdn.brandfetch.io/mathway.com?c=1idHgzTH40svQnGmzjQ&type=logo&theme=light&fallback=brandfetch","brandfetch"
"15","QuillBot","AI paraphrasing and summarization tool","üìÑ","All Tools|Arts & Humanities","Freemium","Paraphrasing|Summarization|Grammar checking","https://quillbot.com","false","true","false","true","https://cdn.brandfetch.io/quillbot.com?c=1idHgzTH40svQnGmzjQ&type=logo&theme=light&fallback=brandfetch","brandfetch"
"16","Synthesia","AI video creation with virtual avatars","üé•","Media & Communication|Business & Management","Paid","Video generation|AI avatars|Text-to-video","https://synthesia.io","false","false","false","true","https://cdn.brandfetch.io/synthesia.io?c=1idHgzTH40svQnGmzjQ&type=logo&theme=light&fallback=brandfetch","brandfetch"
"17","Jasper AI","AI content creation for marketing and business","‚ú®","Business & Management|Media & Communication","Paid","Content generation|Marketing copy|Blog writing","https://jasper.ai","false","true","false","true","https://cdn.brandfetch.io/jasper.ai?c=1idHgzTH40svQnGmzjQ&type=logo&theme=light&fallback=brandfetch","brandfetch"
"18","Copy.ai","AI-powered copywriting and content tool","üìù","Business & Management|Media & Communication","Freemium","Copywriting|Content ideas|Marketing text","https://copy.ai","false","true","false","false","https://cdn.brandfetch.io/copy.ai?c=1idHgzTH40svQnGmzjQ&type=logo&theme=light&fallback=brandfetch","brandfetch"
"19","Runway ML","Creative AI suite for video and image editing","üé¨","Media & Communication|Design & Architecture","Freemium","Video editing|Image generation|AI effects","https://runwayml.com","false","true","false","false","https://cdn.brandfetch.io/runwayml.com?c=1idHgzTH40svQnGmzjQ&type=logo&theme=light&fallback=brandfetch","brandfetch"
"20","Replika","AI companion for conversation and support","üí¨","All Tools","Freemium","Conversational AI|Mental wellness|Personal assistant","https://replika.com","false","false","false","false","https://cdn.brandfetch.io/replika.com?c=1idHgzTH40svQnGmzjQ&type=logo&theme=light&fallback=brandfetch","brandfetch"
"21","Gemini","Google's multimodal AI assistant","üíé","All Tools|Computer Science & Engineering|Data Science & Analytics","Freemium","Multimodal AI|Code generation|Research","https://gemini.google.com","false","true","true","false","https://cdn.brandfetch.io/gemini.google.com?c=1idHgzTH40svQnGmzjQ&type=logo&theme=light&fallback=brandfetch","brandfetch"
"22","Microsoft Copilot","Integrated productivity AI across Microsoft suite","ü™ü","All Tools|Business & Management|Information Technology","Freemium","Productivity|Document creation|Data analysis","https://copilot.microsoft.com","false","true","false","true","https://cdn.brandfetch.io/copilot.microsoft.com?c=1idHgzTH40svQnGmzjQ&type=logo&theme=light&fallback=brandfetch","brandfetch"
"23","Replit Ghostwriter","AI coding assistant in browser IDE","üëª","Computer Science & Engineering|Information Technology","Freemium","Code completion|Debugging|Explanation","https://replit.com","false","false","false","true","https://cdn.brandfetch.io/replit.com?c=1idHgzTH40svQnGmzjQ&type=logo&theme=light&fallback=brandfetch","brandfetch"
"24","Cursor","AI-first code editor","üñ±Ô∏è","Computer Science & Engineering|Information Technology","Freemium","AI editing|Code generation|Refactoring","https://cursor.sh","false","true","true","false","https://cdn.brandfetch.io/cursor.sh?c=1idHgzTH40svQnGmzjQ&type=logo&theme=light&fallback=brandfetch","brandfetch"
"25","Codeium","Free AI code completion","üÜì","Computer Science & Engineering|Information Technology","Free","Code completion|Chat|Command execution","https://codeium.com","false","true","false","false","https://cdn.brandfetch.io/codeium.com?c=1idHgzTH40svQnGmzjQ&type=logo&theme=light&fallback=brandfetch","brandfetch"
"26","Amazon CodeWhisperer","AWS-integrated coding assistant","‚òÅÔ∏è","Computer Science & Engineering|Information Technology","Free","Code completion|Security scanning|AWS integration","https://aws.amazon.com/codewhisperer","false","true","false","false","https://cdn.brandfetch.io/aws.amazon.com?c=1idHgzTH40svQnGmzjQ&type=logo&theme=light&fallback=brandfetch","brandfetch"
"27","Phind","AI search engine for developers","üîç","Computer Science & Engineering|Information Technology","Freemium","Developer search|Code examples|Documentation","https://phind.com","false","true","false","false","https://cdn.brandfetch.io/phind.com?c=1idHgzTH40svQnGmzjQ&type=logo&theme=light&fallback=brandfetch","brandfetch"
"28","Stack Overflow AI","Programming Q&A assistant","üìö","Computer Science & Engineering|Information Technology","Free","Q&A search|Code solutions|Community","https://stackoverflow.com","false","true","true","false","https://cdn.brandfetch.io/stackoverflow.com?c=1idHgzTH40svQnGmzjQ&type=logo&theme=light&fallback=brandfetch","brandfetch"
"29","Mintlify","Automated code documentation generator","üìñ","Computer Science & Engineering|Information Technology","Freemium","Documentation|Code explanation|API docs","https://mintlify.com","false","false","false","false","https://cdn.brandfetch.io/mintlify.com?c=1idHgzTH40svQnGmzjQ&type=logo&theme=light&fallback=brandfetch","brandfetch"
"30","Julius AI","Data analysis and visualization platform","üìä","Data Science & Analytics|Business & Management","Freemium","Data analysis|Visualization|AI insights","https://julius.ai","false","true","true","false","https://cdn.brandfetch.io/julius.ai?c=1idHgzTH40svQnGmzjQ&type=logo&theme=light&fallback=brandfetch","brandfetch"
"31","DataRobot","Enterprise AutoML platform","ü§ñ","Data Science & Analytics","Paid","AutoML|Model deployment|Predictions","https://datarobot.com","false","false","false","true","https://cdn.brandfetch.io/datarobot.com?c=1idHgzTH40svQnGmzjQ&type=logo&theme=light&fallback=brandfetch","brandfetch"
"32","H2O.ai","Open-source machine learning automation","üíß","Data Science & Analytics|Computer Science & Engineering","Free","AutoML|Model training|Deployment","https://h2o.ai","true","true","false","false","https://cdn.brandfetch.io/h2o.ai?c=1idHgzTH40svQnGmzjQ&type=logo&theme=light&fallback=brandfetch","brandfetch"
"33","Obviously AI","No-code predictive analytics","üìà","Data Science & Analytics|Business & Management","Freemium","No-code ML|Predictions|Business intelligence","https://obviously.ai","false","false","false","false","https://cdn.brandfetch.io/obviously.ai?c=1idHgzTH40svQnGmzjQ&type=logo&theme=light&fallback=brandfetch","brandfetch"
"34","MonkeyLearn","Text analysis and NLP platform","üêµ","Data Science & Analytics|Computer Science & Engineering","Freemium","Text classification|Sentiment analysis|NLP","https://monkeylearn.com","false","false","false","false","https://cdn.brandfetch.io/monkeylearn.com?c=1idHgzTH40svQnGmzjQ&type=logo&theme=light&fallback=brandfetch","brandfetch"
"35","Tableau GPT","AI-powered data visualization","üìä","Data Science & Analytics|Business & Management","Paid","Data visualization|AI insights|Dashboards","https://tableau.com","false","true","false","true","https://cdn.brandfetch.io/tableau.com?c=1idHgzTH40svQnGmzjQ&type=logo&theme=light&fallback=brandfetch","brandfetch"
"36","Adobe Firefly","Adobe's creative AI tools","üî•","Design & Architecture|Media & Communication","Freemium","Image generation|Text effects|Design assets","https://firefly.adobe.com","false","true","false","true","https://cdn.brandfetch.io/firefly.adobe.com?c=1idHgzTH40svQnGmzjQ&type=logo&theme=light&fallback=brandfetch","brandfetch"
"37","Figma AI","AI-powered design assistance","üé®","Design & Architecture|Information Technology","Freemium","Design automation|Prototyping|Collaboration","https://figma.com","false","true","true","false","https://cdn.brandfetch.io/figma.com?c=1idHgzTH40svQnGmzjQ&type=logo&theme=light&fallback=brandfetch","brandfetch"
"38","Uizard","UI/UX design from sketches and text","üé®","Design & Architecture|Information Technology","Freemium","UI generation|Wireframing|Design to code","https://uizard.io","false","false","false","false","https://cdn.brandfetch.io/uizard.io?c=1idHgzTH40svQnGmzjQ&type=logo&theme=light&fallback=brandfetch","brandfetch"
"39","Galileo AI","AI UI design generation","üî≠","Design & Architecture|Information Technology","Freemium","UI generation|Design systems|Prototyping","https://usegalileo.ai","false","false","true","false","https://cdn.brandfetch.io/usegalileo.ai?c=1idHgzTH40svQnGmzjQ&type=logo&theme=light&fallback=brandfetch","brandfetch"
"40","Khroma","AI color palette generator","üé®","Design & Architecture","Free","Color palettes|Design inspiration|Accessibility","https://khroma.co","false","false","false","false","https://cdn.brandfetch.io/khroma.co?c=1idHgzTH40svQnGmzjQ&type=logo&theme=light&fallback=brandfetch","brandfetch"
"41","Remove.bg","AI background removal tool","üñºÔ∏è","Design & Architecture|Media & Communication","Freemium","Background removal|Image editing|Batch processing","https://remove.bg","false","true","false","false","https://cdn.brandfetch.io/remove.bg?c=1idHgzTH40svQnGmzjQ&type=logo&theme=light&fallback=brandfetch","brandfetch"
"42","Vizcom","3D rendering for product designers","üé®","Design & Architecture|Mechanical Engineering","Freemium","3D rendering|Product design|Sketching","https://vizcom.ai","false","false","false","false","https://cdn.brandfetch.io/vizcom.ai?c=1idHgzTH40svQnGmzjQ&type=logo&theme=light&fallback=brandfetch","brandfetch"
"43","Finch 3D","AI for building design optimization","üè¢","Design & Architecture|Civil Engineering","Freemium","Building design|Optimization|3D modeling","https://finch3d.com","false","false","false","false","https://cdn.brandfetch.io/finch3d.com?c=1idHgzTH40svQnGmzjQ&type=logo&theme=light&fallback=brandfetch","brandfetch"
"44","Consensus","AI research search engine","üî¨","All Tools|Life Sciences & Biotechnology","Freemium","Research papers|Scientific search|Evidence-based","https://consensus.app","false","true","false","false","https://cdn.brandfetch.io/consensus.app?c=1idHgzTH40svQnGmzjQ&type=logo&theme=light&fallback=brandfetch","brandfetch"
"45","Elicit","Research paper analysis assistant","üìÑ","All Tools|Life Sciences & Biotechnology","Freemium","Paper analysis|Literature review|Research automation","https://elicit.org","false","true","false","false","https://cdn.brandfetch.io/elicit.org?c=1idHgzTH40svQnGmzjQ&type=logo&theme=light&fallback=brandfetch","brandfetch"
"46","SciSpace","Scientific paper understanding","üî¨","All Tools|Life Sciences & Biotechnology","Freemium","Paper explanations|Literature review|Citations","https://scispace.com","false","true","false","true","https://cdn.brandfetch.io/scispace.com?c=1idHgzTH40svQnGmzjQ&type=logo&theme=light&fallback=brandfetch","brandfetch"
"47","Semantic Scholar","AI-powered academic search","üìö","All Tools|Life Sciences & Biotechnology","Free","Academic search|Paper recommendations|Citations","https://semanticscholar.org","true","true","false","false","https://cdn.brandfetch.io/semanticscholar.org?c=1idHgzTH40svQnGmzjQ&type=logo&theme=light&fallback=brandfetch","brandfetch"
"48","Research Rabbit","Research paper discovery tool","üê∞","All Tools|Life Sciences & Biotechnology","Free","Paper discovery|Citation networks|Collections","https://researchrabbit.ai","false","true","false","false","https://cdn.brandfetch.io/researchrabbit.ai?c=1idHgzTH40svQnGmzjQ&type=logo&theme=light&fallback=brandfetch","brandfetch"
"49","Jenni AI","Academic writing assistant","‚úçÔ∏è","All Tools|Arts & Humanities","Freemium","Academic writing|Citations|Research help","https://jenni.ai","false","true","false","true","https://cdn.brandfetch.io/jenni.ai?c=1idHgzTH40svQnGmzjQ&type=logo&theme=light&fallback=brandfetch","brandfetch"
"50","Writefull","Academic writing feedback tool","üìù","All Tools|Arts & Humanities","Freemium","Writing feedback|Language polishing|Academic style","https://writefull.com","false","false","false","true","https://cdn.brandfetch.io/writefull.com?c=1idHgzTH40svQnGmzjQ&type=logo&theme=light&fallback=brandfetch","brandfetch"
"51","Wordtune","AI writing enhancement tool","‚úèÔ∏è","All Tools|Arts & Humanities|Business & Management","Freemium","Rewriting|Tone adjustment|Summarization","https://wordtune.com","false","true","false","false","https://cdn.brandfetch.io/wordtune.com?c=1idHgzTH40svQnGmzjQ&type=logo&theme=light&fallback=brandfetch","brandfetch"
"52","Hemingway Editor","Readability and clarity improvement","üìñ","All Tools|Arts & Humanities","Freemium","Readability|Clarity|Style suggestions","https://hemingwayapp.com","false","true","false","false","https://cdn.brandfetch.io/hemingwayapp.com?c=1idHgzTH40svQnGmzjQ&type=logo&theme=light&fallback=brandfetch","brandfetch"
"53","ProWritingAid","Comprehensive writing assistant","‚úçÔ∏è","All Tools|Arts & Humanities","Freemium","Grammar|Style|Structure analysis","https://prowritingaid.com","false","true","false","true","https://cdn.brandfetch.io/prowritingaid.com?c=1idHgzTH40svQnGmzjQ&type=logo&theme=light&fallback=brandfetch","brandfetch"
"54","Descript","Audio and video transcription editor","üéôÔ∏è","Media & Communication|Arts & Humanities","Freemium","Transcription|Audio editing|Video editing","https://descript.com","false","true","false","false","https://cdn.brandfetch.io/descript.com?c=1idHgzTH40svQnGmzjQ&type=logo&theme=light&fallback=brandfetch","brandfetch"
"55","Scholarcy","Article summarization tool","üìÑ","All Tools|Arts & Humanities","Freemium","Summarization|Flashcards|Reference extraction","https://scholarcy.com","false","false","false","true","https://cdn.brandfetch.io/scholarcy.com?c=1idHgzTH40svQnGmzjQ&type=logo&theme=light&fallback=brandfetch","brandfetch"
"56","ChatPDF","PDF document Q&A assistant","üìÑ","All Tools","Freemium","PDF chat|Document analysis|Summarization","https://chatpdf.com","false","true","false","false","https://cdn.brandfetch.io/chatpdf.com?c=1idHgzTH40svQnGmzjQ&type=logo&theme=light&fallback=brandfetch","brandfetch"
"57","Humata","Document AI assistant","üìÅ","All Tools|Business & Management","Freemium","Document Q&A|Summarization|Analysis","https://humata.ai","false","false","false","false","https://cdn.brandfetch.io/humata.ai?c=1idHgzTH40svQnGmzjQ&type=logo&theme=light&fallback=brandfetch","brandfetch"
"58","Symbolab","Advanced math problem solver","‚àû","Mathematics & Statistics","Freemium","Math solutions|Step-by-step|Practice problems","https://symbolab.com","false","true","false","false","https://cdn.brandfetch.io/symbolab.com?c=1idHgzTH40svQnGmzjQ&type=logo&theme=light&fallback=brandfetch","brandfetch"
"59","Photomath","Camera-based math solver","üì∑","Mathematics & Statistics","Freemium","Photo solving|Step-by-step|Learning","https://photomath.com","false","true","false","false","https://cdn.brandfetch.io/photomath.com?c=1idHgzTH40svQnGmzjQ&type=logo&theme=light&fallback=brandfetch","brandfetch"
"60","Microsoft Math Solver","Comprehensive math assistance","‚ûï","Mathematics & Statistics","Free","Math solving|Graphing|Step-by-step","https://math.microsoft.com","false","true","false","false","https://cdn.brandfetch.io/math.microsoft.com?c=1idHgzTH40svQnGmzjQ&type=logo&theme=light&fallback=brandfetch","brandfetch"
"61","Socratic","Google's homework help assistant","üéì","All Tools|Mathematics & Statistics","Free","Homework help|Explanations|Multiple subjects","https://socratic.org","false","true","false","false","https://cdn.brandfetch.io/socratic.org?c=1idHgzTH40svQnGmzjQ&type=logo&theme=light&fallback=brandfetch","brandfetch"
"62","Maple Learn","Interactive math learning platform","üçÅ","Mathematics & Statistics","Freemium","Interactive math|Graphing|Learning","https://maplelearn.com","false","false","false","true","https://cdn.brandfetch.io/maplelearn.com?c=1idHgzTH40svQnGmzjQ&type=logo&theme=light&fallback=brandfetch","brandfetch"
"63","GeoGebra","Mathematical visualization tool","üìê","Mathematics & Statistics","Free","Graphing|Geometry|Calculus","https://geogebra.org","true","true","false","false","https://cdn.brandfetch.io/geogebra.org?c=1idHgzTH40svQnGmzjQ&type=logo&theme=light&fallback=brandfetch","brandfetch"
"64","Cymath","Math problem solver with steps","üî¢","Mathematics & Statistics","Freemium","Math solving|Step-by-step|Practice","https://cymath.com","false","false","false","false","https://cdn.brandfetch.io/cymath.com?c=1idHgzTH40svQnGmzjQ&type=logo&theme=light&fallback=brandfetch","brandfetch"
"65","Fusion 360 AI","CAD with generative design","üîß","Mechanical Engineering|Mechatronics Engineering","Student Discount","CAD|Generative design|Simulation","https://autodesk.com/products/fusion-360","false","true","false","true","https://cdn.brandfetch.io/autodesk.com?c=1idHgzTH40svQnGmzjQ&type=logo&theme=light&fallback=brandfetch","brandfetch"
"66","Onshape AI","Cloud-based CAD platform","‚òÅÔ∏è","Mechanical Engineering|Mechatronics Engineering","Freemium","Cloud CAD|Collaboration|Version control","https://onshape.com","false","true","false","true","https://cdn.brandfetch.io/onshape.com?c=1idHgzTH40svQnGmzjQ&type=logo&theme=light&fallback=brandfetch","brandfetch"
"67","SimScale","Cloud-based engineering simulation","üåä","Mechanical Engineering|Civil Engineering","Freemium","CFD|FEA|Thermal simulation","https://simscale.com","false","true","false","true","https://cdn.brandfetch.io/simscale.com?c=1idHgzTH40svQnGmzjQ&type=logo&theme=light&fallback=brandfetch","brandfetch"
"68","Ansys AI","Simulation and analysis platform","üî¨","Mechanical Engineering|Civil Engineering|Electronics & Communication Engineering","Paid","FEA|CFD|Electromagnetic simulation","https://ansys.com","false","true","false","true","https://cdn.brandfetch.io/ansys.com?c=1idHgzTH40svQnGmzjQ&type=logo&theme=light&fallback=brandfetch","brandfetch"
"69","MATLAB Copilot","AI assistant for MATLAB","üìä","Mechanical Engineering|Electrical Engineering|Data Science & Analytics","Paid","Code generation|Debugging|Documentation","https://mathworks.com","false","false","true","true","https://cdn.brandfetch.io/mathworks.com?c=1idHgzTH40svQnGmzjQ&type=logo&theme=light&fallback=brandfetch","brandfetch"
"70","nTop","Generative design for manufacturing","üè≠","Mechanical Engineering|Mechatronics Engineering","Paid","Generative design|Lattice structures|Optimization","https://ntop.com","false","false","false","true","https://cdn.brandfetch.io/ntop.com?c=1idHgzTH40svQnGmzjQ&type=logo&theme=light&fallback=brandfetch","brandfetch"
"71","ParaMatters","Additive manufacturing AI","üñ®Ô∏è","Mechanical Engineering|Mechatronics Engineering","Paid","Topology optimization|AM design|Lightweighting","https://paramatters.com","false","false","false","true","https://cdn.brandfetch.io/paramatters.com?c=1idHgzTH40svQnGmzjQ&type=logo&theme=light&fallback=brandfetch","brandfetch"
"72","Altium 365 Copilot","PCB design AI assistant","‚ö°","Electronics & Communication Engineering|Electrical Engineering","Paid","PCB design|Routing|Component placement","https://altium.com","false","true","false","true","https://cdn.brandfetch.io/altium.com?c=1idHgzTH40svQnGmzjQ&type=logo&theme=light&fallback=brandfetch","brandfetch"
"73","KiCad","Open-source PCB design","üîå","Electronics & Communication Engineering|Electrical Engineering","Free","PCB design|Schematic capture|3D visualization","https://kicad.org","true","true","false","false","https://cdn.brandfetch.io/kicad.org?c=1idHgzTH40svQnGmzjQ&type=logo&theme=light&fallback=brandfetch","brandfetch"
"74","LTSpice","Free circuit simulation","‚ö°","Electronics & Communication Engineering|Electrical Engineering","Free","Circuit simulation|SPICE|Analysis","https://analog.com/ltspice","false","true","false","false","https://cdn.brandfetch.io/analog.com?c=1idHgzTH40svQnGmzjQ&type=logo&theme=light&fallback=brandfetch","brandfetch"
"75","Proteus","Electronics design and simulation","üî¨","Electronics & Communication Engineering|Electrical Engineering","Paid","Circuit simulation|PCB design|Microcontroller simulation","https://labcenter.com","false","true","false","true","https://cdn.brandfetch.io/labcenter.com?c=1idHgzTH40svQnGmzjQ&type=logo&theme=light&fallback=brandfetch","brandfetch"
"76","AlphaFold","Protein structure prediction","üß¨","Life Sciences & Biotechnology","Free","Protein folding|Structure prediction|Research","https://alphafold.ebi.ac.uk","true","true","false","false","https://cdn.brandfetch.io/alphafold.ebi.ac.uk?c=1idHgzTH40svQnGmzjQ&type=logo&theme=light&fallback=brandfetch","brandfetch"
"77","BioGPT","Biomedical text mining AI","üß¨","Life Sciences & Biotechnology","Free","Biomedical NLP|Literature mining|Research","https://github.com/microsoft/BioGPT","true","false","false","false","https://cdn.brandfetch.io/github.com?c=1idHgzTH40svQnGmzjQ&type=logo&theme=light&fallback=brandfetch","brandfetch"
"78","Benchling AI","Life sciences R&D platform","üî¨","Life Sciences & Biotechnology","Freemium","Lab notebook|Molecular biology|Collaboration","https://benchling.com","false","true","false","true","https://cdn.brandfetch.io/benchling.com?c=1idHgzTH40svQnGmzjQ&type=logo&theme=light&fallback=brandfetch","brandfetch"
"79","HeyGen","AI video avatar creation","üé•","Media & Communication","Freemium","Video avatars|Voice cloning|Video generation","https://heygen.com","false","true","false","false","https://cdn.brandfetch.io/heygen.com?c=1idHgzTH40svQnGmzjQ&type=logo&theme=light&fallback=brandfetch","brandfetch"
"80","Pictory","Video creation from text","üìπ","Media & Communication|Business & Management","Freemium","Text-to-video|Video editing|Captions","https://pictory.ai","false","false","false","false","https://cdn.brandfetch.io/pictory.ai?c=1idHgzTH40svQnGmzjQ&type=logo&theme=light&fallback=brandfetch","brandfetch"
"81","Lumen5","AI video marketing platform","üí°","Media & Communication|Business & Management","Freemium","Video creation|Marketing|Social media","https://lumen5.com","false","true","false","false","https://cdn.brandfetch.io/lumen5.com?c=1idHgzTH40svQnGmzjQ&type=logo&theme=light&fallback=brandfetch","brandfetch"
"82","CapCut","Video editing with AI features","‚úÇÔ∏è","Media & Communication","Free","Video editing|Effects|Auto-captions","https://capcut.com","false","true","false","false","https://cdn.brandfetch.io/capcut.com?c=1idHgzTH40svQnGmzjQ&type=logo&theme=light&fallback=brandfetch","brandfetch"
"83","Murf AI","AI voiceover generator","üéôÔ∏è","Media & Communication|Business & Management","Freemium","Text-to-speech|Voiceovers|Multiple voices","https://murf.ai","false","true","false","false","https://cdn.brandfetch.io/murf.ai?c=1idHgzTH40svQnGmzjQ&type=logo&theme=light&fallback=brandfetch","brandfetch"
"84","ElevenLabs","Advanced voice synthesis","üîä","Media & Communication","Freemium","Voice cloning|Text-to-speech|Dubbing","https://elevenlabs.io","false","true","false","false","https://cdn.brandfetch.io/elevenlabs.io?c=1idHgzTH40svQnGmzjQ&type=logo&theme=light&fallback=brandfetch","brandfetch"
"85","Podcastle","AI podcast production","üéôÔ∏è","Media & Communication","Freemium","Recording|Editing|AI enhancement","https://podcastle.ai","false","false","false","false","https://cdn.brandfetch.io/podcastle.ai?c=1idHgzTH40svQnGmzjQ&type=logo&theme=light&fallback=brandfetch","brandfetch"
"86","Beautiful.ai","AI-powered presentations","üé®","Business & Management|All Tools","Freemium","Presentation design|Templates|Collaboration","https://beautiful.ai","false","true","false","false","https://cdn.brandfetch.io/beautiful.ai?c=1idHgzTH40svQnGmzjQ&type=logo&theme=light&fallback=brandfetch","brandfetch"
"87","Tome","AI storytelling presentations","üìñ","Business & Management|All Tools","Freemium","AI presentations|Storytelling|Design","https://tome.app","false","true","false","false","https://cdn.brandfetch.io/tome.app?c=1idHgzTH40svQnGmzjQ&type=logo&theme=light&fallback=brandfetch","brandfetch"
"88","Gamma","Document and presentation AI","Œ≥","Business & Management|All Tools","Freemium","Presentations|Documents|AI generation","https://gamma.app","false","true","false","false","https://cdn.brandfetch.io/gamma.app?c=1idHgzTH40svQnGmzjQ&type=logo&theme=light&fallback=brandfetch","brandfetch"
"89","Slidesgo AI","AI presentation templates","üé®","Business & Management|All Tools","Freemium","Templates|Design|Customization","https://slidesgo.com","false","true","false","false","https://cdn.brandfetch.io/slidesgo.com?c=1idHgzTH40svQnGmzjQ&type=logo&theme=light&fallback=brandfetch","brandfetch"
"90","Fireflies.ai","AI meeting assistant","üî•","Business & Management|All Tools","Freemium","Meeting transcription|Notes|Action items","https://fireflies.ai","false","true","false","false","https://cdn.brandfetch.io/fireflies.ai?c=1idHgzTH40svQnGmzjQ&type=logo&theme=light&fallback=brandfetch","brandfetch"
"91","Krisp","AI noise cancellation","üîá","Business & Management|All Tools","Freemium","Noise cancellation|Call quality|Meetings","https://krisp.ai","false","true","false","false","https://cdn.brandfetch.io/krisp.ai?c=1idHgzTH40svQnGmzjQ&type=logo&theme=light&fallback=brandfetch","brandfetch"
"92","Zapier AI","Workflow automation platform","‚ö°","Business & Management|Information Technology","Freemium","Automation|Integrations|AI workflows","https://zapier.com","false","true","false","false","https://cdn.brandfetch.io/zapier.com?c=1idHgzTH40svQnGmzjQ&type=logo&theme=light&fallback=brandfetch","brandfetch"
"93","Make","Visual process automation","üîß","Business & Management|Information Technology","Freemium","Automation|Integrations|Visual builder","https://make.com","false","true","false","false","https://cdn.brandfetch.io/make.com?c=1idHgzTH40svQnGmzjQ&type=logo&theme=light&fallback=brandfetch","brandfetch"
"94","DeepL","Advanced translation AI","üåê","All Tools|Arts & Humanities","Freemium","Translation|Writing improvement|Tone","https://deepl.com","false","true","false","false","https://cdn.brandfetch.io/deepl.com?c=1idHgzTH40svQnGmzjQ&type=logo&theme=light&fallback=brandfetch","brandfetch"
"95","Duolingo","AI language learning platform","ü¶â","Arts & Humanities","Freemium","Language learning|Practice|Gamification","https://duolingo.com","false","true","false","false","https://cdn.brandfetch.io/duolingo.com?c=1idHgzTH40svQnGmzjQ&type=logo&theme=light&fallback=brandfetch","brandfetch"
"96","Speak","AI language tutor","üó£Ô∏è","Arts & Humanities","Freemium","Speaking practice|Pronunciation|Feedback","https://speak.com","false","false","false","false","https://cdn.brandfetch.io/speak.com?c=1idHgzTH40svQnGmzjQ&type=logo&theme=light&fallback=brandfetch","brandfetch"
"97","Elsa Speak","AI pronunciation coach","üéØ","Arts & Humanities","Freemium","Pronunciation|Accent reduction|Speaking","https://elsaspeak.com","false","false","false","false","https://cdn.brandfetch.io/elsaspeak.com?c=1idHgzTH40svQnGmzjQ&type=logo&theme=light&fallback=brandfetch","brandfetch"
"98","Motion","AI calendar and task manager","üìÖ","Business & Management|All Tools","Freemium","Smart scheduling|Task management|Calendar","https://usemotion.com","false","true","false","false","https://cdn.brandfetch.io/usemotion.com?c=1idHgzTH40svQnGmzjQ&type=logo&theme=light&fallback=brandfetch","brandfetch"
"99","Reclaim.ai","Smart scheduling assistant","üîÑ","Business & Management|All Tools","Freemium","Smart scheduling|Calendar management|Habits","https://reclaim.ai","false","true","false","false","https://cdn.brandfetch.io/reclaim.ai?c=1idHgzTH40svQnGmzjQ&type=logo&theme=light&fallback=brandfetch","brandfetch"
"100","Mem","AI-powered note-taking","üß†","All Tools|Business & Management","Freemium","Notes|Knowledge management|AI search","https://mem.ai","false","false","false","false","https://cdn.brandfetch.io/mem.ai?c=1idHgzTH40svQnGmzjQ&type=logo&theme=light&fallback=brandfetch","brandfetch"
"101","Reflect","Networked note-taking with AI","ü™û","All Tools|Business & Management","Freemium","Notes|Backlinking|AI assistant","https://reflect.app","false","false","false","false","https://cdn.brandfetch.io/reflect.app?c=1idHgzTH40svQnGmzjQ&type=logo&theme=light&fallback=brandfetch","brandfetch"
"102","Taskade","AI productivity workspace","‚úÖ","Business & Management|All Tools","Freemium","Tasks|Projects|Collaboration|AI","https://taskade.com","false","true","false","false","https://cdn.brandfetch.io/taskade.com?c=1idHgzTH40svQnGmzjQ&type=logo&theme=light&fallback=brandfetch","brandfetch"
"103","Scribe","AI process documentation","üìù","Business & Management|Information Technology","Freemium","Process documentation|Screenshots|Guides","https://scribehow.com","false","true","false","false","https://cdn.brandfetch.io/scribehow.com?c=1idHgzTH40svQnGmzjQ&type=logo&theme=light&fallback=brandfetch","brandfetch"
"104","Magical","AI text expander and automation","‚ú®","All Tools|Business & Management","Free","Text expansion|Automation|Data entry","https://magical.so","false","true","false","false","https://cdn.brandfetch.io/magical.so?c=1idHgzTH40svQnGmzjQ&type=logo&theme=light&fallback=brandfetch","brandfetch"
"105","Timely","AI time tracking","‚è∞","Business & Management","Freemium","Automatic time tracking|Productivity|Reporting","https://timelyapp.com","false","false","false","false","https://cdn.brandfetch.io/timelyapp.com?c=1idHgzTH40svQnGmzjQ&type=logo&theme=light&fallback=brandfetch","brandfetch"
"106","Superhuman","AI email assistant","üìß","Business & Management|All Tools","Paid","Email management|AI writing|Productivity","https://superhuman.com","false","true","false","false","https://cdn.brandfetch.io/superhuman.com?c=1idHgzTH40svQnGmzjQ&type=logo&theme=light&fallback=brandfetch","brandfetch"
"107","SaneBox","AI email organizer","üì•","Business & Management|All Tools","Freemium","Email filtering|Unsubscribe|Priority inbox","https://sanebox.com","false","false","false","false","https://cdn.brandfetch.io/sanebox.com?c=1idHgzTH40svQnGmzjQ&type=logo&theme=light&fallback=brandfetch","brandfetch"
"108","Compose AI","AI writing assistant for Chrome","‚úçÔ∏è","All Tools|Business & Management","Free","Writing acceleration|Auto-complete|Email","https://compose.ai","false","true","false","false","https://cdn.brandfetch.io/compose.ai?c=1idHgzTH40svQnGmzjQ&type=logo&theme=light&fallback=brandfetch","brandfetch"
"109","Moonbeam","AI writing assistant for long-form","üåô","Arts & Humanities|Business & Management","Freemium","Long-form writing|Essays|Blogs","https://moonbeam.ai","false","false","false","false","https://cdn.brandfetch.io/moonbeam.ai?c=1idHgzTH40svQnGmzjQ&type=logo&theme=light&fallback=brandfetch","brandfetch"
"110","Rytr","AI writing assistant","‚úçÔ∏è","Business & Management|Media & Communication","Freemium","Content writing|Copywriting|Multiple formats","https://rytr.me","false","true","false","false","https://cdn.brandfetch.io/rytr.me?c=1idHgzTH40svQnGmzjQ&type=logo&theme=light&fallback=brandfetch","brandfetch"
